leadtime,rmse,mape
0,1.3439623,0.15761985
1,1.7514431,0.20191589
2,2.0322018,0.22544345
3,2.2532895,0.2459209
4,2.4217916,0.2610387
5,2.566882,0.28072768
6,2.6777782,0.29567614
7,2.7484727,0.31158528
8,2.8405392,0.3258492
9,2.9469755,0.33822507
10,3.0908124,0.35634053
11,3.2941132,0.38300362
