leadtime,rmse,mape
0,1.3425405,0.15706506
1,1.7548294,0.20171277
2,2.0399568,0.22462927
3,2.2653353,0.24571949
4,2.4406369,0.2614207
5,2.589362,0.28163517
6,2.7019114,0.29619688
7,2.770189,0.31082883
8,2.8603828,0.32542673
9,2.9730544,0.33984038
10,3.110646,0.35803995
11,3.3135257,0.38560808
