leadtime,rmse,mape
0,1.3439574,0.15762022
1,1.7514359,0.20191425
2,2.032197,0.22544505
3,2.2532895,0.24592073
4,2.4217842,0.26103818
5,2.5668721,0.28072867
6,2.6777725,0.29567733
7,2.7484727,0.31158736
8,2.8405375,0.3258488
9,2.9469755,0.33822745
10,3.0908155,0.3563409
11,3.2941213,0.3830038
