,TimesNet,LSTM
1,0.2774452567100525,0.9548765236040461
2,0.4958614706993103,2.3697492580459847
3,0.6840909123420715,2.5984384722098586
4,0.9513034224510193,2.9581694829534655
5,1.145234227180481,3.4291445580340785
6,1.3557859659194946,4.497042813521186
7,2.772677183151245,5.114007033934197
8,4.87989616394043,6.113140007775684
9,6.808279991149902,7.360847411230775
10,8.756654739379883,9.66540148862324
11,10.827101707458496,10.279756812247285
12,12.942490577697754,12.59631843483162
