leadtime,rmse,mape
0,0.6510097,0.07614265
1,0.83960235,0.08943145
2,0.985465,0.10483164
3,1.1427512,0.11237753
4,1.242347,0.121215686
5,1.4047732,0.13646103
6,1.5205493,0.15744518
7,1.5957888,0.16673458
8,1.7202793,0.1866037
9,1.8471019,0.20513628
10,1.9509413,0.22330017
11,2.1648242,0.25238824
