leadtime,rmse,mape
0,0.64516246,0.07614102
1,0.82275033,0.08771807
2,0.97757846,0.10477791
3,1.1326566,0.11311168
4,1.2330471,0.12253839
5,1.401371,0.13883533
6,1.5183965,0.15840949
7,1.5851512,0.16670777
8,1.7229179,0.18729255
9,1.8511279,0.20601603
10,1.9473823,0.22344263
11,2.1550994,0.251274
