leadtime,rmse,mape
0,1.2404407,0.15238008
1,1.5248321,0.18159631
2,1.6785405,0.19178466
3,1.8294014,0.20325284
4,1.9621001,0.21618457
5,2.1277874,0.2363209
6,2.194611,0.24881501
7,2.2470214,0.26010376
8,2.2575972,0.26390067
9,2.2728767,0.25871536
10,2.317606,0.26677582
11,2.5326755,0.29761636
