leadtime,rmse,mape
0,1.0367506,0.10915388
1,1.2927201,0.12835792
2,1.4267596,0.14276685
3,1.6371828,0.16300294
4,1.8159397,0.18293287
5,1.9598123,0.19934633
6,2.083898,0.21414962
7,2.2326694,0.2398139
8,2.3832827,0.25064504
9,2.5290954,0.27134636
10,2.702647,0.29603887
11,2.9021025,0.32593876
